Designator,Footprint,Quantity,Value,LCSC Part #
1,TestPoint_Pad_1.0x1.0mm,1,UTX,
C1,0603,1,47uF,
C2,0603,1,22uF,
"C3, C4, C6",0603,3,1uF,
C5,0603,1,10uF,
D1,0603,1,LED,
J1,GCT_USB4105-GF-A,1,USB4105-GF-A,
J2,JST_SM04B-GHS-TB,1,SM04B-GHS-TB,
J6,PinHeader_1x04_P2.54mm_Vertical_SMD_Pin1Right,1,Conn_01x04_Pin,
J9,PinHeader_2x04_P2.00mm_Vertical,1,Conn_02x04_Counter_Clockwise,
"R1, R2",0603,2,5.1k,
"R3, R5",0603,2,10k,
R4,0603,1,100k,
"SW2, SW3",PTS810_CNK,2,PTS810 SJM 250 SMTR LFS,
TP2,TestPoint_Pad_1.0x1.0mm,1,URX,
TP3,TestPoint_Pad_1.0x1.0mm,1,5v,
TP4,TestPoint_Pad_1.0x1.0mm,1,3v3,
TP5,TestPoint_Pad_1.0x1.0mm,1,3v3U,
TP6,TestPoint_Pad_1.0x1.0mm,1,UMOSI,
TP7,TestPoint_Pad_1.0x1.0mm,1,UMISO,
TP8,TestPoint_Pad_1.0x1.0mm,1,USCLK,
TP9,TestPoint_Pad_1.0x1.0mm,1,UCS,
U1,ESP32-S2-MINI-1,1,ESP32-S3-MINI-1,
U2,SOT95P280X145-6N,1,USBLC6-2SC6,
U3,SOT95P285X140-5N,1,AP2112K-3.3TRG1,
U4,SOT95P280X145-5N,1,TPS7A2033PDBVR,
U5,XCVR_DWM3000TR13,1,DWM3000TR13,
