Designator,Mid X,Mid Y,Rotation,Layer
1,139.5,-123.0,0.0,top
C1,118.22,-112.0,0.0,top
C2,137.02,-136.155,270.0,top
C3,118.29,-126.91,180.0,top
C4,119.65,-108.9,90.0,top
C5,137.45,-112.47,90.0,top
C6,111.11,-109.22,90.0,top
D1,135.5,-118.3,270.0,top
H1,115.25,-132.75,0.0,top
H2,140.75,-132.75,0.0,top
H3,140.75,-107.25,0.0,top
H4,115.25,-107.25,0.0,top
J1,144.0,-116.5,90.0,top
J2,113.325,-115.275,270.0,top
J9,112.95,-124.5,0.0,top
R1,137.25,-120.0,90.0,top
R2,145.0,-109.425,90.0,top
R3,119.31,-129.85,270.0,top
R4,119.5,-104.25,270.0,top
R5,138.0,-103.0,0.0,top
SW2,118.325,-121.475,270.0,top
SW3,118.325,-115.825,90.0,top
TP2,142.0,-123.0,0.0,top
TP3,144.5,-123.0,0.0,top
TP4,139.5,-125.5,0.0,top
TP5,142.0,-125.5,0.0,top
TP6,144.5,-125.5,0.0,top
TP7,139.5,-128.0,0.0,top
TP8,142.0,-128.0,0.0,top
TP9,144.5,-128.0,0.0,top
U1,128.2,-132.85,180.0,top
U2,132.7,-119.455,270.0,top
U3,122.685,-118.8,0.0,top
U4,127.45,-119.11,180.0,top
U5,128.3,-103.855,0.0,top
